{
  "n_carvings": 41,
  "class_counts": {
    "Mushroom (all)": 15,
    "Class 2": 12,
    "Class 1": 6,
    "Class 3": 4,
    "Class 5": 3,
    "unclassified": 1
  },
  "class_centroids": {
    "Class 1": [
      0.6099951933333333,
      2.239642215,
      0.47249997666666665
    ],
    "Class 2": [
      0.66947174,
      2.0149096400000004,
      0.5026530291666667
    ],
    "Class 2/3": [
      0.635919846,
      2.212503724,
      0.45593281799999996
    ],
    "Class 3": [
      0.5386356154237288,
      2.3586366405084744,
      0.43078300491525423
    ],
    "Class 3/4": [
      0.514816755,
      2.72764375,
      0.37147325
    ],
    "Class 4": [
      0.49189034797619047,
      2.871658146309524,
      0.3616680354761905
    ],
    "Class 5": [
      0.45688080616,
      2.85408621928,
      0.35482451592
    ],
    "unclassified": [
      0.39144386666666664,
      4.738310176666666,
      0.26021417666666663
    ],
    "Mushroom (all)": [
      0.396883845133769,
      1.847985384639091,
      0.3964350857834722
    ]
  },
  "class_sizes": {
    "Alpine type": 1,
    "Amorican tumulus type": 1,
    "Class 1": 6,
    "Class 1/2": 1,
    "Class 2": 24,
    "Class 2/3": 5,
    "Class 3": 59,
    "Class 3/4": 4,
    "Class 4": 84,
    "Class 5": 125,
    "Danish type": 1,
    "Iberian type": 1,
    "Iberian type?": 1,
    "North French type?": 1,
    "North French/West German type": 1,
    "North Indian type?": 1,
    "unclassified": 3
  }
}