{
  "axes_cm": {
    "n": 292,
    "median": 12.149999999999999,
    "iqr": [
      9.9,
      14.3125
    ],
    "min": 4.95,
    "max": 22.4
  },
  "carvings_cm": {
    "n": 41,
    "median": 9.6,
    "iqr": [
      8.4,
      13.5
    ],
    "min": 5.3,
    "max": 30.099999999999998
  },
  "mushrooms_cm_total": {
    "n": 12,
    "median": 13.0,
    "min": 5.5,
    "max": 47.0
  }
}