{
  "n_axes": 356,
  "n_carvings": 41,
  "axe_ar_median": 2.6712770499999996,
  "carv_ar_median": 1.53,
  "cohens_d": -1.3489316093725479,
  "ks_p": 2.3468225834733652e-17,
  "welch_p": 1.8180666436371442e-09,
  "carvings_below_pct": 65.85365853658537
}